01-01,01-02,01-03,01-04,01-05,01-06,01-07,01-08
Olga Ivanov,998720235111,olga.ivanov@test.org,2025-03-11 08:01:36,2025-04-29 18:01:36,vip,False,279403934
Wei Garcia,998267930710,wei.garcia@example.com,2025-04-17 16:01:36,2025-04-18 03:01:36,vip,True,175999376
Olga Johnson,998622734067,olga.johnson@test.org,2025-03-08 05:01:36,2025-04-30 00:01:36,blocked,False,420639643
Maria Garcia,998969894021,maria.garcia@example.com,2025-04-24 19:01:36,2025-04-22 02:01:36,vip,True,138591237
Olga Ivanov,998433977829,olga.ivanov@demo.net,2025-03-17 20:01:36,2025-03-16 22:01:36,active,False,63830233
Alex Doe,998114747388,alex.doe@example.com,2025-04-17 23:01:36,2025-03-15 22:01:36,vip,True,162564853
John Johnson,998673763327,john.johnson@mail.com,2025-04-24 02:01:36,2025-03-09 15:01:36,blocked,True,410113833
Fatima Khan,998981983337,fatima.khan@mail.com,2025-04-29 20:01:36,2025-03-30 15:01:36,vip,False,355138534
Maria Patel,998483188127,maria.patel@test.org,2025-04-18 15:01:36,2025-04-04 07:01:36,active,True,379729869
Olga Garcia,998697855437,olga.garcia@example.com,2025-03-26 05:01:36,2025-04-30 14:01:36,active,True,236023139
Olga Doe,998779216629,olga.doe@mail.com,2025-03-27 08:01:36,2025-03-14 03:01:36,active,True,362258157
Alex Patel,998683585878,alex.patel@test.org,2025-03-07 05:01:36,2025-03-26 01:01:36,blocked,True,58016416
Alex Johnson,998034004500,alex.johnson@test.org,2025-03-21 20:01:36,2025-04-07 12:01:36,blocked,True,491203495
Fatima Khan,998315135524,fatima.khan@test.org,2025-03-21 10:01:36,2025-04-30 22:01:36,vip,True,399372844
Alex Doe,998882109869,alex.doe@test.org,2025-03-31 17:01:36,2025-04-07 13:01:36,vip,False,150846806
Jane Patel,998649863076,jane.patel@test.org,2025-03-19 01:01:36,2025-03-18 05:01:36,active,True,286006709
Sanjay Ivanov,998742115790,sanjay.ivanov@example.com,2025-04-13 12:01:36,2025-04-13 18:01:36,vip,True,302910823
Fatima Kim,998026125426,fatima.kim@test.org,2025-04-04 00:01:36,2025-03-05 13:01:36,blocked,False,264879733
John Johnson,998453517635,john.johnson@example.com,2025-04-04 11:01:36,2025-04-23 01:01:36,blocked,False,359388416
Sanjay Kim,998397915496,sanjay.kim@demo.net,2025-05-04 17:01:36,2025-04-09 15:01:36,vip,False,3900724
Alex Johnson,998667382718,alex.johnson@example.com,2025-05-02 13:01:36,2025-05-04 16:01:36,blocked,True,412053598
Maria Khan,998006974600,maria.khan@test.org,2025-04-14 17:01:36,2025-03-25 09:01:36,vip,False,357260898
John Kim,998454961973,john.kim@example.com,2025-03-31 07:01:36,2025-04-04 22:01:36,blocked,False,269567129
Fatima Kim,998904407947,fatima.kim@demo.net,2025-04-14 07:01:36,2025-04-14 06:01:36,blocked,False,415002780
Maria Smith,998200005087,maria.smith@demo.net,2025-04-10 12:01:36,2025-03-11 06:01:36,active,True,14272548
Carlos Garcia,998464973196,carlos.garcia@example.com,2025-05-02 18:01:36,2025-03-21 02:01:36,blocked,False,391800530
John Lee,998589783422,john.lee@example.com,2025-04-09 22:01:36,2025-04-29 10:01:36,active,True,166478486
John Garcia,998267231935,john.garcia@demo.net,2025-05-04 14:01:36,2025-03-23 10:01:36,active,True,261632562
Sanjay Kim,998451677139,sanjay.kim@demo.net,2025-04-13 17:01:36,2025-04-06 19:01:36,blocked,True,37147922
Olga Johnson,998639959302,olga.johnson@demo.net,2025-05-02 13:01:36,2025-04-23 14:01:36,blocked,True,164509659
Wei Khan,998426473264,wei.khan@test.org,2025-03-12 18:01:36,2025-04-27 04:01:36,blocked,True,391889865
Ahmed Smith,998663356052,ahmed.smith@test.org,2025-03-13 18:01:36,2025-04-20 07:01:36,blocked,False,118520355
Ahmed Ivanov,998961970814,ahmed.ivanov@mail.com,2025-04-25 18:01:36,2025-03-23 01:01:36,active,False,480246554
Jane Doe,998192803260,jane.doe@mail.com,2025-03-05 01:01:36,2025-03-17 07:01:36,active,True,39475455
Ahmed Kim,998135902673,ahmed.kim@example.com,2025-03-14 13:01:36,2025-04-24 19:01:36,vip,False,324969668
John Khan,998299644513,john.khan@example.com,2025-03-14 01:01:36,2025-03-23 17:01:36,blocked,True,352617932
Jane Ivanov,998325323313,jane.ivanov@example.com,2025-03-06 11:01:36,2025-04-29 06:01:36,vip,False,260034265
John Smith,998328288147,john.smith@mail.com,2025-04-26 22:01:36,2025-03-26 10:01:36,vip,False,262362772
Sanjay Kim,998171935730,sanjay.kim@example.com,2025-04-18 01:01:36,2025-04-15 02:01:36,active,True,321730146
Jane Doe,998578793165,jane.doe@demo.net,2025-05-02 02:01:36,2025-04-26 04:01:36,active,False,56334111
Jane Garcia,998822573428,jane.garcia@example.com,2025-03-14 15:01:36,2025-03-16 02:01:36,blocked,False,428195240
John Patel,998644696915,john.patel@demo.net,2025-04-13 03:01:36,2025-04-07 17:01:36,vip,True,276882979
Jane Doe,998422242137,jane.doe@mail.com,2025-05-02 22:01:36,2025-05-01 21:01:36,vip,False,415927210
Jane Garcia,998486084237,jane.garcia@example.com,2025-04-02 16:01:36,2025-04-21 22:01:36,active,False,465642016
Fatima Ivanov,998864915475,fatima.ivanov@mail.com,2025-03-17 02:01:36,2025-04-24 02:01:36,blocked,True,426104759
Jane Chen,998701354953,jane.chen@mail.com,2025-03-27 11:01:36,2025-03-23 05:01:36,vip,False,108866320
Jane Ivanov,998324808613,jane.ivanov@test.org,2025-04-30 02:01:36,2025-04-09 13:01:36,blocked,True,404269323
Sanjay Johnson,998114736125,sanjay.johnson@mail.com,2025-04-04 14:01:36,2025-04-18 23:01:36,blocked,True,373900893
Maria Smith,998495715249,maria.smith@test.org,2025-04-16 19:01:36,2025-03-12 04:01:36,blocked,False,286558001
Ahmed Doe,998260492142,ahmed.doe@demo.net,2025-04-29 00:01:36,2025-04-29 17:01:36,vip,True,470236405
Jane Johnson,998473985804,jane.johnson@mail.com,2025-03-30 07:01:36,2025-03-21 19:01:36,active,False,366632680
Carlos Chen,998186514819,carlos.chen@demo.net,2025-03-09 01:01:36,2025-04-02 21:01:36,active,True,236824024
John Lee,998150401654,john.lee@demo.net,2025-04-20 02:01:36,2025-03-29 12:01:36,active,True,209205258
Wei Ivanov,998139718130,wei.ivanov@test.org,2025-03-12 01:01:36,2025-05-02 09:01:36,vip,True,141174934
Maria Johnson,998843806104,maria.johnson@example.com,2025-05-02 15:01:36,2025-03-09 06:01:36,active,True,481887890
John Johnson,998707850000,john.johnson@demo.net,2025-04-10 06:01:36,2025-04-12 21:01:36,active,False,92313950
Olga Smith,998766896879,olga.smith@demo.net,2025-04-02 05:01:36,2025-03-25 08:01:36,active,False,31883331
Alex Garcia,998158623453,alex.garcia@mail.com,2025-03-18 08:01:36,2025-04-05 06:01:36,vip,True,428407061
Fatima Chen,998113348382,fatima.chen@mail.com,2025-03-11 05:01:36,2025-04-06 08:01:36,blocked,False,333286974
Carlos Lee,998314462946,carlos.lee@demo.net,2025-04-21 17:01:36,2025-04-03 23:01:36,vip,False,392011175
Alex Khan,998631365019,alex.khan@example.com,2025-03-11 02:01:36,2025-04-13 03:01:36,active,False,216949616
Jane Kim,998858650884,jane.kim@example.com,2025-04-01 20:01:36,2025-03-15 04:01:36,vip,True,454065794
Alex Smith,998449643868,alex.smith@demo.net,2025-03-25 19:01:36,2025-04-27 09:01:36,blocked,False,121685030
Sanjay Johnson,998570892950,sanjay.johnson@test.org,2025-03-31 04:01:36,2025-04-30 04:01:36,vip,False,493995358
Jane Chen,998682374642,jane.chen@test.org,2025-03-21 12:01:36,2025-03-24 13:01:36,active,False,441688524
Fatima Johnson,998927393979,fatima.johnson@example.com,2025-04-22 19:01:36,2025-03-06 03:01:36,active,True,184056984
Fatima Doe,998858846969,fatima.doe@mail.com,2025-04-03 22:01:36,2025-04-12 09:01:36,blocked,True,15878459
Wei Johnson,998812863702,wei.johnson@example.com,2025-03-14 05:01:36,2025-03-27 10:01:36,active,False,344255582
John Doe,998651006713,john.doe@example.com,2025-04-23 13:01:36,2025-03-24 14:01:36,vip,False,76137100
Olga Lee,998359357162,olga.lee@example.com,2025-03-05 05:01:36,2025-04-23 20:01:36,vip,False,426636626
Maria Doe,998550305231,maria.doe@test.org,2025-03-16 14:01:36,2025-03-05 09:01:36,vip,False,167898950
Carlos Smith,998806730849,carlos.smith@example.com,2025-04-23 05:01:36,2025-04-29 18:01:36,blocked,True,468557422
John Chen,998495933293,john.chen@example.com,2025-03-06 23:01:36,2025-04-25 16:01:36,vip,True,492854658
Ahmed Chen,998071429211,ahmed.chen@mail.com,2025-04-11 03:01:36,2025-04-15 05:01:36,vip,False,54717467
Carlos Kim,998247698771,carlos.kim@mail.com,2025-03-26 17:01:36,2025-03-14 02:01:36,active,False,269519058
Olga Khan,998378400887,olga.khan@mail.com,2025-04-18 08:01:36,2025-04-08 20:01:36,blocked,False,435811521
Alex Garcia,998781238385,alex.garcia@test.org,2025-05-04 09:01:36,2025-03-15 21:01:36,blocked,True,495081043
Alex Doe,998356005494,alex.doe@mail.com,2025-04-05 15:01:36,2025-04-13 16:01:36,blocked,False,228666585
Olga Ivanov,998754725130,olga.ivanov@test.org,2025-04-15 11:01:36,2025-04-04 01:01:36,vip,False,72132546
Alex Smith,998145125173,alex.smith@example.com,2025-04-25 05:01:36,2025-04-18 10:01:36,vip,False,14432758
Carlos Smith,998043110799,carlos.smith@demo.net,2025-03-26 21:01:36,2025-03-06 09:01:36,blocked,True,165914666
Fatima Lee,998911784261,fatima.lee@test.org,2025-05-03 03:01:36,2025-03-05 16:01:36,active,True,207147637
Maria Ivanov,998762548769,maria.ivanov@example.com,2025-04-12 23:01:36,2025-04-30 03:01:36,vip,True,426857089
Jane Kim,998381175098,jane.kim@demo.net,2025-04-07 11:01:36,2025-03-08 22:01:36,blocked,True,415428153
Maria Chen,998432534139,maria.chen@mail.com,2025-03-11 12:01:36,2025-03-10 06:01:36,blocked,False,48474772
Fatima Kim,998082634442,fatima.kim@mail.com,2025-03-31 03:01:36,2025-03-29 15:01:36,active,True,178530617
Maria Khan,998794912090,maria.khan@example.com,2025-04-17 05:01:36,2025-03-19 13:01:36,blocked,True,27616426
Carlos Doe,998682514825,carlos.doe@test.org,2025-03-10 21:01:36,2025-04-24 15:01:36,blocked,True,439993629
Wei Doe,998644460365,wei.doe@demo.net,2025-03-24 00:01:36,2025-03-14 09:01:36,active,True,113664972
Jane Chen,998708299996,jane.chen@mail.com,2025-04-26 10:01:36,2025-05-02 16:01:36,vip,False,401414096
Wei Smith,998777890106,wei.smith@example.com,2025-03-09 11:01:36,2025-04-21 04:01:36,active,True,99055312
Jane Lee,998853476739,jane.lee@test.org,2025-03-07 22:01:36,2025-04-10 01:01:36,vip,False,284901210
Jane Chen,998652762122,jane.chen@example.com,2025-04-11 18:01:36,2025-04-01 15:01:36,vip,False,116033113
Jane Kim,998717726629,jane.kim@example.com,2025-04-10 12:01:36,2025-03-19 22:01:36,blocked,True,69305434
Sanjay Ivanov,998666522440,sanjay.ivanov@test.org,2025-03-31 23:01:36,2025-03-30 14:01:36,active,True,288432551
Maria Johnson,998008917534,maria.johnson@example.com,2025-03-20 13:01:36,2025-03-26 09:01:36,blocked,True,134380897
Sanjay Khan,998566854333,sanjay.khan@mail.com,2025-04-19 16:01:36,2025-04-30 22:01:36,blocked,False,121945833
Maria Ivanov,998718501597,maria.ivanov@demo.net,2025-03-22 11:01:36,2025-03-15 07:01:36,blocked,True,161173413
Wei Khan,998014498800,wei.khan@demo.net,2025-04-24 05:01:36,2025-04-05 02:01:36,vip,False,469902592
Ahmed Kim,998973724940,ahmed.kim@example.com,2025-04-14 13:01:36,2025-03-13 13:01:36,blocked,True,210381814
Alex Khan,998795874849,alex.khan@mail.com,2025-04-10 15:01:36,2025-03-31 04:01:36,active,False,22761689
Carlos Khan,998475921489,carlos.khan@demo.net,2025-04-22 15:01:36,2025-03-09 18:01:36,active,True,37839331
Jane Chen,998191627627,jane.chen@example.com,2025-04-16 10:01:36,2025-03-28 20:01:36,active,True,9762244
Sanjay Chen,998242344610,sanjay.chen@demo.net,2025-03-18 00:01:36,2025-04-22 17:01:36,vip,True,122715333
Wei Ivanov,998204280988,wei.ivanov@mail.com,2025-04-07 08:01:36,2025-03-12 20:01:36,active,True,441027536
Sanjay Patel,998928418662,sanjay.patel@example.com,2025-04-28 04:01:36,2025-03-11 05:01:36,active,False,406411915
Jane Patel,998507804722,jane.patel@demo.net,2025-03-09 06:01:36,2025-04-18 19:01:36,blocked,False,338613366
Olga Patel,998390919092,olga.patel@example.com,2025-04-22 06:01:36,2025-04-12 20:01:36,blocked,False,194099094
Maria Khan,998659828630,maria.khan@test.org,2025-03-16 12:01:36,2025-04-27 19:01:36,vip,False,120646128
Alex Smith,998084106442,alex.smith@demo.net,2025-03-09 21:01:36,2025-04-01 04:01:36,vip,False,217248025
Alex Patel,998355274464,alex.patel@mail.com,2025-04-06 16:01:36,2025-04-03 14:01:36,blocked,False,93230898
Olga Chen,998577268795,olga.chen@demo.net,2025-04-04 12:01:36,2025-03-12 22:01:36,active,True,275425548
Jane Ivanov,998799732829,jane.ivanov@mail.com,2025-03-20 05:01:36,2025-03-11 10:01:36,active,False,476155176
Jane Johnson,998503301731,jane.johnson@demo.net,2025-03-18 03:01:36,2025-03-26 20:01:36,active,False,227440116
Sanjay Ivanov,998202069474,sanjay.ivanov@demo.net,2025-03-10 19:01:36,2025-04-18 02:01:36,blocked,True,321355076
Carlos Lee,998105215578,carlos.lee@test.org,2025-03-19 06:01:36,2025-04-01 21:01:36,blocked,False,243392458
Olga Khan,998447306713,olga.khan@mail.com,2025-04-03 23:01:36,2025-04-01 12:01:36,blocked,False,446995422
Jane Smith,998169818585,jane.smith@test.org,2025-03-23 02:01:36,2025-03-16 15:01:36,blocked,False,236734770
Jane Kim,998874953329,jane.kim@test.org,2025-03-06 01:01:36,2025-04-22 15:01:36,vip,False,351581108
Carlos Smith,998504480649,carlos.smith@demo.net,2025-04-24 07:01:36,2025-04-17 11:01:36,blocked,False,223438024
Fatima Patel,998787730153,fatima.patel@example.com,2025-04-01 18:01:36,2025-04-21 19:01:36,active,True,125449545
Sanjay Chen,998977270973,sanjay.chen@mail.com,2025-03-25 22:01:36,2025-03-28 02:01:36,blocked,True,87035710
Jane Ivanov,998183366527,jane.ivanov@test.org,2025-04-02 23:01:36,2025-03-19 15:01:36,vip,False,405221052
Wei Ivanov,998246588687,wei.ivanov@demo.net,2025-04-10 19:01:36,2025-04-14 00:01:36,blocked,False,492980846
Ahmed Smith,998853587352,ahmed.smith@test.org,2025-04-11 20:01:36,2025-03-26 10:01:36,active,False,142206812
Maria Khan,998275658755,maria.khan@example.com,2025-04-21 14:01:36,2025-04-20 15:01:36,blocked,True,225188294
Olga Lee,998463244827,olga.lee@test.org,2025-04-04 22:01:36,2025-03-28 09:01:36,blocked,False,226669582
Sanjay Garcia,998007607703,sanjay.garcia@test.org,2025-05-02 16:01:36,2025-03-31 11:01:36,active,True,11102744
Sanjay Lee,998885880897,sanjay.lee@demo.net,2025-04-08 21:01:36,2025-03-29 04:01:36,vip,False,390783564
Jane Garcia,998584608938,jane.garcia@example.com,2025-03-23 17:01:36,2025-04-04 06:01:36,blocked,True,359958722
Fatima Kim,998063484677,fatima.kim@example.com,2025-03-10 18:01:36,2025-04-26 07:01:36,vip,True,459677039
John Lee,998367735819,john.lee@test.org,2025-03-18 11:01:36,2025-03-26 07:01:36,blocked,True,345422897
John Lee,998825981242,john.lee@mail.com,2025-04-18 09:01:36,2025-03-10 07:01:36,active,False,305449088
Sanjay Patel,998257502259,sanjay.patel@mail.com,2025-04-20 14:01:36,2025-03-16 21:01:36,vip,True,61827901
Alex Johnson,998575447280,alex.johnson@demo.net,2025-03-28 18:01:36,2025-04-01 14:01:36,vip,False,443908161
Ahmed Patel,998997791971,ahmed.patel@example.com,2025-05-02 11:01:36,2025-04-19 10:01:36,active,True,183433791
Ahmed Doe,998971207001,ahmed.doe@example.com,2025-03-06 23:01:36,2025-03-22 03:01:36,blocked,True,24152722
Fatima Garcia,998182961477,fatima.garcia@test.org,2025-03-28 20:01:36,2025-03-25 21:01:36,active,True,312381993
Ahmed Johnson,998596921247,ahmed.johnson@mail.com,2025-03-10 12:01:36,2025-04-11 17:01:36,blocked,False,491309622
Alex Ivanov,998518556706,alex.ivanov@example.com,2025-04-11 08:01:36,2025-03-26 14:01:36,vip,True,255770231
Carlos Patel,998663254368,carlos.patel@mail.com,2025-03-12 22:01:36,2025-03-09 11:01:36,blocked,True,95617449
Olga Patel,998663176755,olga.patel@mail.com,2025-05-01 14:01:36,2025-03-12 18:01:36,blocked,False,324256418
Carlos Johnson,998583674836,carlos.johnson@example.com,2025-04-25 05:01:36,2025-04-10 16:01:36,blocked,True,162676563
Jane Smith,998279864669,jane.smith@test.org,2025-04-26 00:01:36,2025-04-19 01:01:36,blocked,False,375059398
Maria Ivanov,998539524435,maria.ivanov@test.org,2025-03-29 04:01:36,2025-04-28 05:01:36,blocked,True,424922504
John Lee,998007727026,john.lee@demo.net,2025-04-13 04:01:36,2025-04-04 06:01:36,vip,False,143043151
Sanjay Khan,998150161977,sanjay.khan@example.com,2025-04-14 23:01:36,2025-03-21 08:01:36,active,False,29736288
Alex Lee,998563876500,alex.lee@test.org,2025-03-17 01:01:36,2025-04-29 21:01:36,active,True,399434236
Alex Kim,998045437777,alex.kim@test.org,2025-03-06 10:01:36,2025-04-04 22:01:36,active,False,442755615
Sanjay Smith,998172749522,sanjay.smith@mail.com,2025-05-04 20:01:36,2025-04-06 19:01:36,active,False,336435463
John Patel,998019298844,john.patel@example.com,2025-04-05 16:01:36,2025-04-16 03:01:36,blocked,False,201575324
Olga Doe,998371548529,olga.doe@example.com,2025-04-13 11:01:36,2025-04-06 04:01:36,active,False,195538276
Ahmed Smith,998610205995,ahmed.smith@test.org,2025-04-12 09:01:36,2025-04-30 10:01:36,active,True,253157215
Jane Johnson,998024048832,jane.johnson@test.org,2025-03-23 12:01:36,2025-03-25 17:01:36,blocked,False,274022466
Sanjay Kim,998894627298,sanjay.kim@demo.net,2025-04-27 18:01:36,2025-03-31 08:01:36,active,True,3962803
Maria Smith,998442398418,maria.smith@example.com,2025-04-18 12:01:36,2025-03-13 01:01:36,blocked,False,139854785
Alex Lee,998432726956,alex.lee@mail.com,2025-04-14 05:01:36,2025-03-14 22:01:36,vip,False,252117136
Sanjay Ivanov,998152083455,sanjay.ivanov@mail.com,2025-03-05 02:01:36,2025-04-06 00:01:36,active,False,470948413
Olga Khan,998883780913,olga.khan@mail.com,2025-04-15 12:01:36,2025-04-09 15:01:36,vip,True,489333877
Ahmed Johnson,998236240419,ahmed.johnson@mail.com,2025-04-13 09:01:36,2025-04-13 10:01:36,blocked,True,176165668
Sanjay Lee,998990296456,sanjay.lee@mail.com,2025-03-16 06:01:36,2025-03-06 11:01:36,active,True,68337956
Wei Garcia,998167514388,wei.garcia@mail.com,2025-03-30 20:01:36,2025-04-09 18:01:36,vip,False,392690271
Sanjay Doe,998838261624,sanjay.doe@example.com,2025-05-04 13:01:36,2025-04-06 14:01:36,blocked,True,466368017
Jane Khan,998170570266,jane.khan@mail.com,2025-03-08 20:01:36,2025-04-10 21:01:36,active,False,72129615
Ahmed Smith,998514687032,ahmed.smith@mail.com,2025-05-03 22:01:36,2025-04-24 08:01:36,active,False,134214239
John Smith,998342781706,john.smith@mail.com,2025-05-04 19:01:36,2025-04-19 08:01:36,vip,False,186932329
Ahmed Patel,998877122691,ahmed.patel@demo.net,2025-05-02 20:01:36,2025-03-16 12:01:36,vip,False,335144194
Alex Patel,998404241064,alex.patel@test.org,2025-03-09 01:01:36,2025-03-21 10:01:36,vip,True,34434467
Wei Garcia,998463226966,wei.garcia@example.com,2025-03-24 08:01:36,2025-05-01 17:01:36,active,False,150667143
Sanjay Smith,998567760428,sanjay.smith@example.com,2025-03-13 05:01:36,2025-04-11 23:01:36,blocked,False,82914433
Alex Chen,998684298275,alex.chen@example.com,2025-04-18 03:01:36,2025-04-28 22:01:36,vip,False,264826877
Wei Khan,998146795154,wei.khan@demo.net,2025-03-10 21:01:36,2025-04-25 20:01:36,blocked,False,185393049
Jane Khan,998048965041,jane.khan@mail.com,2025-04-25 15:01:36,2025-03-07 16:01:36,active,False,448601735
John Chen,998419213551,john.chen@test.org,2025-05-04 04:01:36,2025-03-19 16:01:36,blocked,True,72708478
Ahmed Kim,998019792566,ahmed.kim@mail.com,2025-04-12 07:01:36,2025-04-25 18:01:36,vip,True,29616623
Carlos Johnson,998439754520,carlos.johnson@example.com,2025-03-19 11:01:36,2025-03-09 05:01:36,active,False,266022450
Sanjay Kim,998256466087,sanjay.kim@example.com,2025-04-11 04:01:36,2025-03-21 17:01:36,vip,True,184707309
Maria Lee,998219102921,maria.lee@test.org,2025-04-27 14:01:36,2025-04-19 03:01:36,blocked,True,335999209
John Lee,998701329486,john.lee@example.com,2025-04-08 17:01:36,2025-04-06 13:01:36,blocked,False,347358191
John Ivanov,998401767305,john.ivanov@demo.net,2025-03-08 04:01:36,2025-05-03 21:01:36,blocked,True,337351896
Maria Johnson,998658773874,maria.johnson@example.com,2025-03-20 13:01:36,2025-03-15 21:01:36,blocked,True,482357289
Jane Khan,998539497774,jane.khan@example.com,2025-04-25 01:01:36,2025-03-16 00:01:36,blocked,False,339294661
Alex Kim,998505135280,alex.kim@example.com,2025-03-10 03:01:36,2025-03-28 05:01:36,blocked,False,385960625
Ahmed Chen,998607829328,ahmed.chen@example.com,2025-04-05 04:01:36,2025-04-19 17:01:36,blocked,True,392740481
Alex Lee,998323910100,alex.lee@demo.net,2025-03-30 19:01:36,2025-03-29 18:01:36,vip,True,258032767
Maria Johnson,998665259770,maria.johnson@example.com,2025-04-22 00:01:36,2025-03-13 14:01:36,blocked,False,384827429
Wei Kim,998398513709,wei.kim@demo.net,2025-03-05 03:01:36,2025-03-12 01:01:36,blocked,False,207706342
Olga Garcia,998714158317,olga.garcia@test.org,2025-03-31 19:01:36,2025-04-04 23:01:36,vip,False,213487078
Jane Garcia,998506291223,jane.garcia@test.org,2025-05-04 11:01:36,2025-03-27 11:01:36,blocked,True,458406336
Carlos Patel,998934361225,carlos.patel@mail.com,2025-04-07 05:01:36,2025-03-18 09:01:36,vip,False,477878764
Fatima Khan,998022369893,fatima.khan@test.org,2025-04-12 05:01:36,2025-04-03 21:01:36,blocked,False,183725931
Sanjay Lee,998008182429,sanjay.lee@mail.com,2025-03-08 06:01:36,2025-05-04 05:01:36,blocked,True,375572333
Jane Kim,998246813661,jane.kim@example.com,2025-03-20 14:01:36,2025-03-30 18:01:36,blocked,False,174061828
Wei Doe,998350095668,wei.doe@test.org,2025-03-16 12:01:36,2025-03-30 16:01:36,blocked,False,83665011
Fatima Garcia,998985867454,fatima.garcia@example.com,2025-04-30 20:01:36,2025-04-18 22:01:36,active,True,462578933
Sanjay Ivanov,998786292214,sanjay.ivanov@demo.net,2025-04-02 15:01:36,2025-05-04 02:01:36,active,False,22514126
Sanjay Smith,998268829037,sanjay.smith@test.org,2025-03-16 11:01:36,2025-04-14 17:01:36,active,True,28720485
Olga Chen,998748278895,olga.chen@mail.com,2025-03-20 20:01:36,2025-05-01 16:01:36,blocked,True,240229742
Jane Patel,998507466035,jane.patel@mail.com,2025-03-10 01:01:36,2025-04-24 00:01:36,blocked,True,190673556
Ahmed Johnson,998330600985,ahmed.johnson@test.org,2025-03-05 01:01:36,2025-04-17 08:01:36,active,True,55707354
Maria Patel,998948449070,maria.patel@test.org,2025-04-01 00:01:36,2025-03-06 22:01:36,active,True,94881370
Sanjay Lee,998310162165,sanjay.lee@mail.com,2025-03-26 08:01:36,2025-04-19 14:01:36,active,False,291910557
Jane Garcia,998480179696,jane.garcia@test.org,2025-03-29 23:01:36,2025-03-12 15:01:36,blocked,False,211748121
Jane Lee,998521135674,jane.lee@test.org,2025-03-21 07:01:36,2025-03-16 13:01:36,active,False,2887052
Alex Johnson,998278029373,alex.johnson@test.org,2025-03-21 13:01:36,2025-05-04 19:01:36,blocked,True,413946355
Ahmed Chen,998628090536,ahmed.chen@test.org,2025-04-04 09:01:36,2025-03-16 02:01:36,active,False,260454645
John Patel,998538289047,john.patel@test.org,2025-04-10 13:01:36,2025-03-08 00:01:36,vip,True,435280698
Alex Patel,998525498404,alex.patel@example.com,2025-04-03 01:01:36,2025-04-07 20:01:36,vip,False,272649869
Carlos Kim,998009473143,carlos.kim@mail.com,2025-04-28 09:01:36,2025-04-27 00:01:36,blocked,False,287898166
Jane Chen,998114221777,jane.chen@example.com,2025-03-31 20:01:36,2025-04-01 05:01:36,active,True,271543784
Maria Chen,998285946271,maria.chen@test.org,2025-04-30 19:01:36,2025-04-06 12:01:36,blocked,False,52753672
Fatima Garcia,998602527294,fatima.garcia@example.com,2025-04-03 09:01:36,2025-03-10 00:01:36,active,False,369144014
Maria Ivanov,998943086466,maria.ivanov@demo.net,2025-03-31 00:01:36,2025-04-24 16:01:36,blocked,True,327746887
Carlos Doe,998208269376,carlos.doe@test.org,2025-03-22 11:01:36,2025-04-12 20:01:36,blocked,True,404782951
Sanjay Johnson,998440443043,sanjay.johnson@demo.net,2025-04-16 00:01:36,2025-03-20 23:01:36,active,True,72238620
Fatima Ivanov,998565727876,fatima.ivanov@demo.net,2025-03-22 21:01:36,2025-03-29 06:01:36,active,True,201203518
Jane Garcia,998103034692,jane.garcia@mail.com,2025-03-30 02:01:36,2025-04-16 14:01:36,blocked,False,242033297
Fatima Chen,998408672009,fatima.chen@mail.com,2025-04-24 01:01:36,2025-04-21 13:01:36,active,False,370340929
Fatima Smith,998793343619,fatima.smith@mail.com,2025-04-12 01:01:36,2025-04-22 15:01:36,active,True,262850039
Carlos Garcia,998290725381,carlos.garcia@example.com,2025-04-30 10:01:36,2025-03-06 18:01:36,vip,False,19493562
John Khan,998757811585,john.khan@test.org,2025-03-08 07:01:36,2025-04-27 13:01:36,vip,True,384934470
Wei Lee,998271692498,wei.lee@mail.com,2025-03-21 19:01:36,2025-05-03 00:01:36,active,True,219367432
Wei Ivanov,998393165899,wei.ivanov@mail.com,2025-03-06 22:01:36,2025-04-17 22:01:36,blocked,True,322056382
Jane Smith,998786697569,jane.smith@mail.com,2025-04-26 21:01:36,2025-04-29 06:01:36,vip,True,71761517
Maria Khan,998175535378,maria.khan@example.com,2025-03-30 11:01:36,2025-03-09 02:01:36,blocked,True,234771526
Olga Ivanov,998926758397,olga.ivanov@mail.com,2025-03-28 12:01:36,2025-04-14 19:01:36,active,True,198511583
Wei Lee,998167350397,wei.lee@example.com,2025-04-15 21:01:36,2025-04-17 11:01:36,blocked,False,130595246
Ahmed Johnson,998544847754,ahmed.johnson@example.com,2025-03-19 01:01:36,2025-04-27 05:01:36,vip,False,485873616
Alex Kim,998496166043,alex.kim@mail.com,2025-03-17 02:01:36,2025-04-04 19:01:36,blocked,True,352445649
Jane Lee,998703293308,jane.lee@test.org,2025-03-24 07:01:36,2025-04-25 05:01:36,blocked,True,463637025
Maria Lee,998154277844,maria.lee@mail.com,2025-03-31 20:01:36,2025-03-04 22:01:36,active,False,191196016
Maria Doe,998732098411,maria.doe@mail.com,2025-03-26 06:01:36,2025-04-01 02:01:36,vip,True,203898403
Alex Kim,998248380381,alex.kim@mail.com,2025-05-02 21:01:36,2025-03-05 11:01:36,vip,True,384029890
Sanjay Doe,998150448215,sanjay.doe@example.com,2025-03-15 05:01:36,2025-03-31 06:01:36,active,True,300739586
John Patel,998472797054,john.patel@demo.net,2025-03-08 09:01:36,2025-03-09 04:01:36,active,True,450372725
Alex Doe,998460768077,alex.doe@demo.net,2025-04-19 07:01:36,2025-04-12 11:01:36,vip,True,197812498
Wei Patel,998275907294,wei.patel@mail.com,2025-04-30 17:01:36,2025-04-11 22:01:36,blocked,True,307098383
Maria Lee,998220315506,maria.lee@mail.com,2025-04-13 14:01:36,2025-04-10 00:01:36,vip,False,92895825
Jane Patel,998218323945,jane.patel@mail.com,2025-03-05 11:01:36,2025-03-11 04:01:36,vip,True,326169229
Fatima Garcia,998872443997,fatima.garcia@test.org,2025-04-20 18:01:36,2025-04-15 06:01:36,vip,False,212362330
Alex Smith,998710078793,alex.smith@mail.com,2025-04-02 21:01:36,2025-03-08 22:01:36,vip,False,31310813
John Smith,998217920797,john.smith@test.org,2025-05-03 07:01:36,2025-03-18 13:01:36,vip,True,298897496
John Kim,998740127434,john.kim@demo.net,2025-04-08 11:01:36,2025-03-14 04:01:36,active,False,15694525
Ahmed Doe,998296983838,ahmed.doe@demo.net,2025-04-29 05:01:36,2025-03-30 05:01:36,vip,True,274853508
Carlos Smith,998623598719,carlos.smith@demo.net,2025-03-17 06:01:36,2025-04-16 17:01:36,vip,True,215417367
Sanjay Smith,998509914099,sanjay.smith@test.org,2025-04-18 00:01:36,2025-03-31 04:01:36,active,False,77681644
Carlos Chen,998744265904,carlos.chen@mail.com,2025-03-16 04:01:36,2025-04-17 14:01:36,vip,True,304095306
John Garcia,998120020086,john.garcia@test.org,2025-04-20 16:01:36,2025-05-03 17:01:36,active,False,59082943
Olga Johnson,998373631677,olga.johnson@demo.net,2025-04-16 09:01:36,2025-04-02 03:01:36,blocked,False,336254875
Wei Chen,998764627202,wei.chen@test.org,2025-03-19 18:01:36,2025-03-09 12:01:36,active,True,232529023
John Garcia,998703097143,john.garcia@mail.com,2025-04-15 12:01:36,2025-04-28 18:01:36,vip,False,35815831
Carlos Johnson,998915147060,carlos.johnson@mail.com,2025-03-05 09:01:36,2025-03-19 05:01:36,active,True,427882113
Alex Garcia,998593983311,alex.garcia@demo.net,2025-05-04 20:01:36,2025-04-03 05:01:36,active,True,346556672
Carlos Smith,998827984116,carlos.smith@demo.net,2025-04-10 16:01:36,2025-04-29 19:01:36,vip,True,327866387
Maria Smith,998137055369,maria.smith@mail.com,2025-03-16 01:01:36,2025-03-29 23:01:36,blocked,True,492349679
Olga Ivanov,998250028531,olga.ivanov@test.org,2025-04-15 16:01:36,2025-04-11 02:01:36,active,True,494392608
Fatima Garcia,998325994728,fatima.garcia@mail.com,2025-03-20 23:01:36,2025-03-11 20:01:36,vip,False,409765110
Sanjay Patel,998322663105,sanjay.patel@demo.net,2025-04-05 02:01:36,2025-04-08 05:01:36,blocked,False,371202337
John Khan,998770406091,john.khan@mail.com,2025-04-20 23:01:36,2025-03-16 21:01:36,vip,False,335775445
Ahmed Smith,998767481975,ahmed.smith@mail.com,2025-03-15 02:01:36,2025-04-21 12:01:36,vip,False,48121866
Wei Garcia,998300753902,wei.garcia@demo.net,2025-04-18 05:01:36,2025-03-09 07:01:36,vip,True,251324737
Ahmed Johnson,998195346783,ahmed.johnson@mail.com,2025-03-28 12:01:36,2025-04-07 04:01:36,active,True,223707191
Jane Ivanov,998562816570,jane.ivanov@test.org,2025-03-13 10:01:36,2025-03-30 22:01:36,vip,False,42249110
Wei Lee,998942605422,wei.lee@example.com,2025-04-08 07:01:36,2025-04-11 04:01:36,active,True,140926314
Fatima Doe,998801427002,fatima.doe@demo.net,2025-03-12 19:01:36,2025-04-24 09:01:36,vip,True,98248539
Jane Chen,998590584810,jane.chen@mail.com,2025-03-20 02:01:36,2025-04-14 21:01:36,blocked,True,223297010
Olga Khan,998920947863,olga.khan@demo.net,2025-03-25 19:01:36,2025-03-23 07:01:36,vip,False,337589885
Ahmed Khan,998192477666,ahmed.khan@demo.net,2025-04-24 09:01:36,2025-04-03 21:01:36,blocked,True,117335421
John Patel,998452375120,john.patel@test.org,2025-03-05 08:01:36,2025-04-02 14:01:36,vip,False,185341105
Jane Smith,998092376642,jane.smith@demo.net,2025-04-25 03:01:36,2025-03-30 17:01:36,vip,False,215995578
Ahmed Smith,998578528977,ahmed.smith@demo.net,2025-03-27 14:01:36,2025-03-30 02:01:36,active,False,1612391
Jane Ivanov,998567909015,jane.ivanov@test.org,2025-04-03 09:01:36,2025-04-17 06:01:36,vip,True,497190759
Sanjay Doe,998012440901,sanjay.doe@example.com,2025-04-18 23:01:36,2025-04-02 04:01:36,vip,False,141615152
Ahmed Doe,998331350522,ahmed.doe@test.org,2025-03-29 09:01:36,2025-04-20 10:01:36,active,False,331420532
John Chen,998329429020,john.chen@demo.net,2025-04-18 01:01:36,2025-04-30 20:01:36,blocked,True,294737243
John Patel,998456605798,john.patel@demo.net,2025-03-13 19:01:36,2025-04-14 04:01:36,blocked,True,125044857
John Johnson,998166770503,john.johnson@test.org,2025-04-16 16:01:36,2025-03-31 04:01:36,blocked,False,425766668
Carlos Lee,998206659775,carlos.lee@example.com,2025-03-24 00:01:36,2025-03-10 21:01:36,active,False,70571090
Jane Patel,998392599646,jane.patel@mail.com,2025-04-21 05:01:36,2025-03-05 22:01:36,vip,True,3660873
Sanjay Kim,998131727624,sanjay.kim@example.com,2025-03-07 19:01:36,2025-04-23 02:01:36,active,True,137840244
Fatima Johnson,998447596085,fatima.johnson@test.org,2025-03-11 18:01:36,2025-04-16 20:01:36,vip,True,228486227
Carlos Doe,998418548685,carlos.doe@example.com,2025-04-28 18:01:36,2025-04-08 02:01:36,blocked,False,374734172
Alex Doe,998519127707,alex.doe@mail.com,2025-04-24 01:01:36,2025-04-12 12:01:36,blocked,False,242962167
Alex Kim,998304137770,alex.kim@mail.com,2025-03-13 15:01:36,2025-04-13 00:01:36,vip,False,368098817
Fatima Kim,998248834128,fatima.kim@demo.net,2025-04-11 13:01:36,2025-03-05 02:01:36,blocked,True,367325298
Ahmed Patel,998732647768,ahmed.patel@demo.net,2025-04-02 20:01:36,2025-03-15 00:01:36,vip,False,288821206
Sanjay Doe,998197780172,sanjay.doe@demo.net,2025-05-02 21:01:36,2025-04-05 09:01:36,vip,False,358027417
Sanjay Patel,998383142099,sanjay.patel@demo.net,2025-03-28 01:01:36,2025-04-19 13:01:36,blocked,True,70877371
Olga Johnson,998952225632,olga.johnson@test.org,2025-03-28 15:01:36,2025-04-07 11:01:36,blocked,True,212961538
Carlos Ivanov,998170764582,carlos.ivanov@test.org,2025-03-26 09:01:36,2025-04-21 05:01:36,blocked,True,176186625
Jane Johnson,998488292399,jane.johnson@example.com,2025-03-15 10:01:36,2025-03-12 02:01:36,blocked,False,498776097
John Chen,998698417832,john.chen@mail.com,2025-04-21 02:01:36,2025-04-06 16:01:36,blocked,True,84325858
Alex Garcia,998359182436,alex.garcia@example.com,2025-04-11 02:01:36,2025-03-13 03:01:36,active,False,409003753
Jane Kim,998980122752,jane.kim@example.com,2025-04-25 13:01:36,2025-04-27 19:01:36,blocked,True,437019700
Alex Johnson,998182031013,alex.johnson@demo.net,2025-05-02 09:01:36,2025-03-12 11:01:36,active,True,304844100
Sanjay Chen,998653429016,sanjay.chen@test.org,2025-03-14 21:01:36,2025-03-28 14:01:36,blocked,True,37800504
Sanjay Garcia,998371365650,sanjay.garcia@example.com,2025-04-16 19:01:36,2025-04-29 09:01:36,vip,False,478684797
John Chen,998918992422,john.chen@demo.net,2025-03-26 11:01:36,2025-03-11 01:01:36,blocked,False,253215945
Alex Lee,998212149476,alex.lee@example.com,2025-04-20 19:01:36,2025-03-08 19:01:36,vip,True,226919619
Wei Ivanov,998088323098,wei.ivanov@mail.com,2025-05-01 13:01:36,2025-04-06 11:01:36,vip,False,425389933
Sanjay Khan,998337380524,sanjay.khan@mail.com,2025-04-26 20:01:36,2025-04-01 01:01:36,vip,False,88833744
Sanjay Johnson,998402460323,sanjay.johnson@example.com,2025-03-21 11:01:36,2025-04-02 21:01:36,active,False,201140290
Carlos Smith,998473925066,carlos.smith@example.com,2025-03-06 18:01:36,2025-04-09 22:01:36,blocked,True,302470567
Olga Chen,998037120089,olga.chen@demo.net,2025-04-05 15:01:36,2025-04-01 04:01:36,active,True,3611798
Ahmed Smith,998680357373,ahmed.smith@demo.net,2025-04-14 21:01:36,2025-04-11 03:01:36,active,True,18116060
Fatima Ivanov,998154606004,fatima.ivanov@example.com,2025-03-22 20:01:36,2025-04-17 13:01:36,vip,False,421513952
Alex Doe,998855857636,alex.doe@demo.net,2025-03-23 03:01:36,2025-05-01 13:01:36,active,True,277105540
Ahmed Smith,998633115002,ahmed.smith@demo.net,2025-04-07 19:01:36,2025-04-08 23:01:36,active,False,225220597
Maria Smith,998888405238,maria.smith@test.org,2025-03-26 19:01:36,2025-04-07 07:01:36,active,True,128739022
Sanjay Chen,998121045204,sanjay.chen@demo.net,2025-03-07 09:01:36,2025-03-31 09:01:36,vip,False,43573194
Fatima Garcia,998951399701,fatima.garcia@test.org,2025-05-02 11:01:36,2025-04-21 23:01:36,active,True,134073460
Olga Khan,998020829013,olga.khan@test.org,2025-03-25 11:01:36,2025-04-26 10:01:36,active,True,398797175
Wei Lee,998422112455,wei.lee@mail.com,2025-04-19 18:01:36,2025-03-22 22:01:36,vip,False,457186907
Olga Smith,998329039604,olga.smith@demo.net,2025-04-05 18:01:36,2025-04-30 14:01:36,vip,False,430274253
John Lee,998799257955,john.lee@mail.com,2025-03-15 00:01:36,2025-04-05 19:01:36,vip,False,193553825
Carlos Patel,998626748579,carlos.patel@example.com,2025-04-21 00:01:36,2025-04-30 06:01:36,blocked,False,74072197
Alex Garcia,998288278831,alex.garcia@demo.net,2025-03-10 09:01:36,2025-03-12 20:01:36,active,False,169279395
Maria Johnson,998383363664,maria.johnson@demo.net,2025-04-12 04:01:36,2025-03-08 17:01:36,vip,False,127932673
Carlos Chen,998764417534,carlos.chen@test.org,2025-04-26 08:01:36,2025-03-09 12:01:36,blocked,False,441028411
John Ivanov,998346107919,john.ivanov@example.com,2025-04-12 15:01:36,2025-03-10 08:01:36,blocked,False,451909966
Maria Garcia,998632220870,maria.garcia@example.com,2025-04-26 02:01:36,2025-03-18 12:01:36,vip,True,174518529
Carlos Chen,998156278165,carlos.chen@mail.com,2025-03-06 11:01:36,2025-03-26 16:01:36,active,False,4730207
Fatima Kim,998791035673,fatima.kim@demo.net,2025-04-02 05:01:36,2025-03-24 08:01:36,vip,True,51834941
Carlos Johnson,998053151538,carlos.johnson@test.org,2025-04-15 10:01:36,2025-03-16 06:01:36,blocked,True,74718342
Maria Smith,998923688410,maria.smith@test.org,2025-04-28 20:01:36,2025-03-08 11:01:36,blocked,True,343723762
Fatima Garcia,998018397262,fatima.garcia@mail.com,2025-04-29 20:01:36,2025-03-13 10:01:36,vip,True,163793080
Wei Khan,998016901964,wei.khan@demo.net,2025-03-07 00:01:36,2025-05-03 10:01:36,active,False,324626748
Fatima Kim,998814525002,fatima.kim@test.org,2025-04-14 18:01:36,2025-03-13 20:01:36,vip,False,30562953
John Khan,998349625006,john.khan@demo.net,2025-03-08 20:01:36,2025-03-26 09:01:36,blocked,True,131932916
Sanjay Lee,998689962014,sanjay.lee@example.com,2025-04-13 06:01:36,2025-05-03 17:01:36,active,False,74286394
John Patel,998628720054,john.patel@test.org,2025-04-18 16:01:36,2025-04-25 15:01:36,active,True,293173179
Maria Lee,998434393788,maria.lee@example.com,2025-04-05 19:01:36,2025-04-02 15:01:36,blocked,False,223231645
Maria Doe,998069543813,maria.doe@demo.net,2025-04-22 12:01:36,2025-05-03 20:01:36,vip,False,329041648
Sanjay Lee,998431014710,sanjay.lee@mail.com,2025-04-16 06:01:36,2025-03-26 01:01:36,blocked,False,218186078
Maria Johnson,998672635729,maria.johnson@test.org,2025-04-17 13:01:36,2025-03-16 08:01:36,blocked,True,371845819
Fatima Lee,998374579787,fatima.lee@example.com,2025-04-29 06:01:36,2025-04-12 13:01:36,vip,True,125041450
Ahmed Doe,998863607662,ahmed.doe@demo.net,2025-03-07 00:01:36,2025-04-19 05:01:36,blocked,True,291164421
Carlos Doe,998347926919,carlos.doe@mail.com,2025-04-08 03:01:36,2025-03-21 08:01:36,blocked,True,376527254
Carlos Chen,998669242026,carlos.chen@mail.com,2025-03-09 11:01:36,2025-03-17 09:01:36,vip,False,117715890
John Doe,998904055788,john.doe@demo.net,2025-04-28 00:01:36,2025-03-12 12:01:36,active,False,458298068
Carlos Ivanov,998872731624,carlos.ivanov@mail.com,2025-04-01 07:01:36,2025-04-09 03:01:36,blocked,True,181006429
Carlos Doe,998768484695,carlos.doe@test.org,2025-04-15 02:01:36,2025-03-06 11:01:36,blocked,True,462222635
Fatima Khan,998700487090,fatima.khan@test.org,2025-03-30 16:01:36,2025-03-08 19:01:36,active,True,216597685
Ahmed Doe,998118004688,ahmed.doe@demo.net,2025-03-31 01:01:36,2025-04-06 18:01:36,blocked,True,459271221
Ahmed Patel,998263712870,ahmed.patel@demo.net,2025-04-18 17:01:36,2025-03-27 13:01:36,blocked,True,496848538
Alex Lee,998865532340,alex.lee@example.com,2025-03-13 09:01:36,2025-04-20 06:01:36,vip,True,208707159
Maria Khan,998809435104,maria.khan@example.com,2025-03-23 20:01:36,2025-03-07 07:01:36,vip,True,441156117
John Lee,998968101713,john.lee@example.com,2025-03-05 11:01:36,2025-04-29 13:01:36,active,False,32416531
Sanjay Khan,998296422249,sanjay.khan@mail.com,2025-03-14 04:01:36,2025-03-14 00:01:36,blocked,False,323054299
Alex Ivanov,998982443793,alex.ivanov@demo.net,2025-04-28 11:01:36,2025-03-11 17:01:36,active,False,476341703
Wei Smith,998081194177,wei.smith@mail.com,2025-03-23 20:01:36,2025-04-21 05:01:36,vip,False,477881835
Ahmed Kim,998900166271,ahmed.kim@example.com,2025-05-04 20:01:36,2025-04-13 19:01:36,vip,False,209063168
Fatima Khan,998916950692,fatima.khan@test.org,2025-03-19 23:01:36,2025-03-21 10:01:36,active,False,36740717
Maria Patel,998452821543,maria.patel@demo.net,2025-04-30 00:01:36,2025-04-14 11:01:36,active,True,211537082
Olga Khan,998770746744,olga.khan@test.org,2025-04-21 06:01:36,2025-04-23 20:01:36,blocked,False,237061258
Wei Doe,998351704894,wei.doe@mail.com,2025-03-05 08:01:36,2025-03-31 03:01:36,blocked,False,113723051
Olga Johnson,998758203242,olga.johnson@mail.com,2025-04-23 18:01:36,2025-04-25 06:01:36,active,True,252935192
Fatima Doe,998216190011,fatima.doe@mail.com,2025-03-11 08:01:36,2025-04-13 07:01:36,blocked,True,319997853
Sanjay Garcia,998915790764,sanjay.garcia@demo.net,2025-03-24 02:01:36,2025-04-13 13:01:36,blocked,True,9011006
Fatima Kim,998291328564,fatima.kim@test.org,2025-03-27 15:01:36,2025-03-27 10:01:36,vip,True,181177378
Ahmed Johnson,998157856925,ahmed.johnson@mail.com,2025-03-23 21:01:36,2025-04-29 09:01:36,active,True,437458442
Ahmed Kim,998489614923,ahmed.kim@mail.com,2025-03-17 18:01:36,2025-04-07 09:01:36,blocked,False,179212985
Alex Kim,998039255668,alex.kim@demo.net,2025-05-02 19:01:36,2025-05-01 20:01:36,blocked,True,431252269
Ahmed Smith,998109294179,ahmed.smith@demo.net,2025-04-18 07:01:36,2025-03-27 12:01:36,active,True,139864666
Ahmed Johnson,998798698327,ahmed.johnson@test.org,2025-03-17 06:01:36,2025-04-13 20:01:36,active,False,20559038
Ahmed Smith,998033816288,ahmed.smith@example.com,2025-04-07 01:01:36,2025-05-03 05:01:36,blocked,False,408936026
Carlos Doe,998479649064,carlos.doe@example.com,2025-04-04 10:01:36,2025-04-23 06:01:36,vip,False,473014154
Jane Garcia,998542444835,jane.garcia@example.com,2025-04-25 16:01:36,2025-03-17 06:01:36,vip,False,150112984
Olga Kim,998027260773,olga.kim@test.org,2025-03-18 12:01:36,2025-03-11 09:01:36,vip,False,162393845
Ahmed Doe,998299442961,ahmed.doe@example.com,2025-04-05 08:01:36,2025-03-28 00:01:36,blocked,False,488364516
Carlos Johnson,998458443397,carlos.johnson@mail.com,2025-04-13 17:01:36,2025-03-12 08:01:36,blocked,False,447516991
Ahmed Ivanov,998590253376,ahmed.ivanov@example.com,2025-04-09 16:01:36,2025-03-11 10:01:36,active,False,259729913
Maria Smith,998858425991,maria.smith@demo.net,2025-04-04 05:01:36,2025-03-12 18:01:36,active,False,199101634
John Lee,998252010486,john.lee@mail.com,2025-04-15 19:01:36,2025-03-30 07:01:36,active,True,483132023
John Smith,998839381676,john.smith@test.org,2025-04-02 19:01:36,2025-04-12 07:01:36,blocked,False,26959199
Jane Kim,998000883632,jane.kim@mail.com,2025-04-03 21:01:36,2025-04-22 23:01:36,blocked,True,180461237
Sanjay Khan,998782917931,sanjay.khan@test.org,2025-03-30 02:01:36,2025-04-27 09:01:36,vip,False,146492899
John Doe,998082308796,john.doe@demo.net,2025-04-15 07:01:36,2025-04-28 22:01:36,blocked,False,375187951
John Lee,998554935961,john.lee@demo.net,2025-03-30 15:01:36,2025-03-31 06:01:36,active,False,21858712
Olga Kim,998710496174,olga.kim@example.com,2025-04-19 06:01:36,2025-03-14 19:01:36,active,False,397347093
Sanjay Johnson,998741719925,sanjay.johnson@demo.net,2025-04-01 17:01:36,2025-04-10 06:01:36,blocked,False,376306735
Alex Smith,998613612919,alex.smith@demo.net,2025-03-22 10:01:36,2025-04-18 19:01:36,vip,True,410927086
Carlos Chen,998564953330,carlos.chen@example.com,2025-04-25 20:01:36,2025-05-03 05:01:36,blocked,True,416536317
Sanjay Patel,998455059997,sanjay.patel@test.org,2025-04-29 17:01:36,2025-03-23 09:01:36,blocked,False,55759838
Jane Kim,998414404100,jane.kim@demo.net,2025-03-19 22:01:36,2025-04-17 06:01:36,active,False,156644273
Alex Chen,998693793488,alex.chen@example.com,2025-04-15 10:01:36,2025-04-29 11:01:36,blocked,True,280503571
Olga Ivanov,998138468086,olga.ivanov@demo.net,2025-04-10 23:01:36,2025-05-01 10:01:36,active,False,99571112
Maria Khan,998536197400,maria.khan@example.com,2025-04-22 21:01:36,2025-04-03 17:01:36,blocked,True,332339378
Alex Khan,998192642725,alex.khan@test.org,2025-04-06 07:01:36,2025-03-30 08:01:36,active,True,261465907
Olga Patel,998665060198,olga.patel@demo.net,2025-03-15 16:01:36,2025-03-20 02:01:36,blocked,False,338629726
Wei Chen,998267857546,wei.chen@test.org,2025-03-25 13:01:36,2025-04-04 10:01:36,active,False,108147226
Carlos Garcia,998250383814,carlos.garcia@mail.com,2025-03-28 13:01:36,2025-03-20 06:01:36,vip,True,451697546
Maria Garcia,998953335659,maria.garcia@demo.net,2025-03-24 23:01:36,2025-03-18 03:01:36,active,False,209675667
Fatima Johnson,998805545667,fatima.johnson@mail.com,2025-03-23 13:01:36,2025-04-27 04:01:36,blocked,True,345339355
Fatima Doe,998128207980,fatima.doe@mail.com,2025-03-22 13:01:36,2025-03-17 18:01:36,blocked,False,306614913
Olga Lee,998124031533,olga.lee@example.com,2025-04-09 11:01:36,2025-03-05 12:01:36,vip,True,329686150
Maria Garcia,998007152821,maria.garcia@mail.com,2025-04-14 21:01:36,2025-04-16 17:01:36,vip,False,375741333
Fatima Ivanov,998697768989,fatima.ivanov@test.org,2025-04-17 06:01:36,2025-03-11 19:01:36,vip,False,406507482
Ahmed Chen,998860410407,ahmed.chen@example.com,2025-03-24 06:01:36,2025-05-01 06:01:36,vip,False,343779743
Maria Lee,998730433312,maria.lee@demo.net,2025-04-08 15:01:36,2025-04-17 15:01:36,vip,False,488498911
Alex Garcia,998362891986,alex.garcia@mail.com,2025-04-19 07:01:36,2025-04-22 16:01:36,blocked,True,197113770
Sanjay Garcia,998385415036,sanjay.garcia@mail.com,2025-03-06 16:01:36,2025-04-22 17:01:36,active,True,375962289
Jane Khan,998315658107,jane.khan@demo.net,2025-03-29 21:01:36,2025-03-23 19:01:36,blocked,True,231238196
John Doe,998091184881,john.doe@test.org,2025-04-04 01:01:36,2025-05-04 02:01:36,vip,True,281693151
John Smith,998291497808,john.smith@test.org,2025-05-03 16:01:36,2025-03-20 21:01:36,vip,True,190668211
Alex Chen,998243794927,alex.chen@test.org,2025-04-18 12:01:36,2025-04-15 16:01:36,active,True,422838485
Jane Patel,998326908281,jane.patel@example.com,2025-03-26 18:01:36,2025-03-05 18:01:36,blocked,True,369502371
Olga Garcia,998637170114,olga.garcia@demo.net,2025-04-26 12:01:36,2025-04-17 15:01:36,vip,True,475766879
Jane Garcia,998469256963,jane.garcia@mail.com,2025-04-26 02:01:36,2025-03-19 16:01:36,blocked,False,374202404
Olga Garcia,998226944156,olga.garcia@example.com,2025-04-20 03:01:36,2025-03-13 08:01:36,vip,False,474443896
Carlos Smith,998223622986,carlos.smith@demo.net,2025-03-08 15:01:36,2025-03-19 02:01:36,blocked,True,325072233
Fatima Patel,998252020983,fatima.patel@test.org,2025-03-15 01:01:36,2025-04-12 11:01:36,vip,False,131739812
Olga Doe,998009553776,olga.doe@demo.net,2025-04-15 17:01:36,2025-04-17 21:01:36,active,True,34739404
Jane Ivanov,998108131558,jane.ivanov@example.com,2025-04-06 04:01:36,2025-04-08 08:01:36,blocked,False,23698053
Ahmed Garcia,998739875720,ahmed.garcia@example.com,2025-04-23 09:01:36,2025-04-02 23:01:36,vip,False,366584528
Ahmed Ivanov,998578951480,ahmed.ivanov@example.com,2025-04-16 12:01:36,2025-04-09 18:01:36,vip,False,424515772
John Doe,998171045685,john.doe@demo.net,2025-04-27 00:01:36,2025-03-28 12:01:36,blocked,False,476437335
Jane Kim,998103781245,jane.kim@test.org,2025-04-27 20:01:36,2025-04-28 09:01:36,vip,False,267820344
Alex Doe,998594814175,alex.doe@example.com,2025-03-06 12:01:36,2025-03-11 00:01:36,blocked,False,229738804
Wei Chen,998727128172,wei.chen@example.com,2025-03-18 10:01:36,2025-03-11 12:01:36,vip,True,100013306
Jane Kim,998923876563,jane.kim@demo.net,2025-03-22 22:01:36,2025-05-04 05:01:36,vip,False,442935128
Wei Chen,998233833228,wei.chen@example.com,2025-04-26 13:01:36,2025-03-28 17:01:36,active,False,317506073
Maria Smith,998165533279,maria.smith@test.org,2025-04-06 06:01:36,2025-04-22 06:01:36,vip,False,134237992
John Ivanov,998439255840,john.ivanov@example.com,2025-03-25 16:01:36,2025-04-06 15:01:36,vip,False,92314645
Sanjay Lee,998373039875,sanjay.lee@example.com,2025-03-05 02:01:36,2025-04-18 01:01:36,blocked,True,281018164
John Garcia,998664763067,john.garcia@example.com,2025-03-29 23:01:36,2025-04-06 00:01:36,vip,True,118879016
Jane Chen,998913296877,jane.chen@example.com,2025-04-03 20:01:36,2025-03-12 18:01:36,active,True,321754281
Fatima Lee,998481866475,fatima.lee@example.com,2025-04-18 03:01:36,2025-04-19 12:01:36,blocked,True,234622164
Ahmed Doe,998999009820,ahmed.doe@test.org,2025-03-16 20:01:36,2025-04-10 19:01:36,active,False,312964086
Ahmed Lee,998617744252,ahmed.lee@demo.net,2025-04-02 02:01:36,2025-04-27 05:01:36,blocked,True,374939635
Fatima Doe,998727469769,fatima.doe@test.org,2025-04-11 02:01:36,2025-03-08 11:01:36,active,True,409743373
Wei Patel,998864899426,wei.patel@example.com,2025-04-12 21:01:36,2025-03-19 06:01:36,blocked,False,165543946
Jane Kim,998497676050,jane.kim@demo.net,2025-03-20 20:01:36,2025-04-25 09:01:36,active,True,414943648
Maria Ivanov,998108989899,maria.ivanov@mail.com,2025-03-14 14:01:36,2025-04-20 19:01:36,vip,False,420299781
Olga Kim,998902557043,olga.kim@demo.net,2025-04-11 11:01:36,2025-03-31 01:01:36,blocked,False,7389954
Fatima Johnson,998050685536,fatima.johnson@demo.net,2025-03-08 18:01:36,2025-03-24 21:01:36,active,False,349203478
Maria Khan,998993385032,maria.khan@test.org,2025-04-14 12:01:36,2025-04-02 04:01:36,active,False,80777419
John Chen,998263828301,john.chen@demo.net,2025-03-12 21:01:36,2025-05-02 12:01:36,active,True,411838588
John Lee,998826831883,john.lee@mail.com,2025-03-26 08:01:36,2025-03-27 03:01:36,blocked,False,390994947
Maria Lee,998698173053,maria.lee@example.com,2025-04-27 13:01:36,2025-03-20 01:01:36,blocked,False,106193757
Alex Khan,998500588709,alex.khan@demo.net,2025-04-02 17:01:36,2025-03-08 19:01:36,active,True,168620839
Maria Khan,998725405205,maria.khan@example.com,2025-04-26 15:01:36,2025-04-19 12:01:36,vip,True,46531176
Fatima Doe,998489799182,fatima.doe@test.org,2025-03-12 04:01:36,2025-04-18 00:01:36,vip,False,207369809
Carlos Patel,998250107003,carlos.patel@test.org,2025-05-03 21:01:36,2025-03-21 06:01:36,vip,False,24528319
John Garcia,998681204205,john.garcia@test.org,2025-05-04 01:01:36,2025-05-01 20:01:36,vip,True,246705660
Carlos Khan,998680491684,carlos.khan@mail.com,2025-03-25 17:01:36,2025-05-03 11:01:36,blocked,False,324822138
Olga Johnson,998999570242,olga.johnson@test.org,2025-03-14 16:01:36,2025-03-11 17:01:36,active,True,182678580
John Garcia,998873727637,john.garcia@demo.net,2025-03-20 18:01:36,2025-03-08 02:01:36,blocked,False,249178246
Maria Garcia,998166501933,maria.garcia@mail.com,2025-03-27 20:01:36,2025-03-20 23:01:36,blocked,True,3710477
Carlos Ivanov,998358016913,carlos.ivanov@mail.com,2025-03-28 12:01:36,2025-03-08 20:01:36,blocked,False,332387856
Wei Khan,998435130233,wei.khan@example.com,2025-03-31 20:01:36,2025-03-30 18:01:36,active,False,329069414
Olga Chen,998460455097,olga.chen@example.com,2025-04-30 20:01:36,2025-04-06 21:01:36,vip,True,407984668
Jane Ivanov,998014664712,jane.ivanov@test.org,2025-03-22 04:01:36,2025-03-11 11:01:36,vip,False,497999564
Sanjay Doe,998344596754,sanjay.doe@mail.com,2025-05-02 02:01:36,2025-04-21 20:01:36,active,True,343087081
Jane Kim,998083148522,jane.kim@test.org,2025-03-10 14:01:36,2025-04-08 21:01:36,active,True,481803940
Alex Lee,998981685311,alex.lee@mail.com,2025-04-21 10:01:36,2025-03-07 18:01:36,blocked,False,1082731
Fatima Khan,998082754764,fatima.khan@test.org,2025-04-28 01:01:36,2025-03-07 04:01:36,active,False,462782217
Alex Lee,998977883753,alex.lee@example.com,2025-04-10 10:01:36,2025-05-04 11:01:36,active,True,263481367
Alex Garcia,998475575821,alex.garcia@mail.com,2025-04-29 03:01:36,2025-04-15 11:01:36,blocked,True,322574045
John Ivanov,998102859891,john.ivanov@test.org,2025-03-16 14:01:36,2025-04-28 19:01:36,vip,False,379380163
Sanjay Patel,998516904015,sanjay.patel@example.com,2025-04-21 03:01:36,2025-04-24 15:01:36,active,False,407912252
Olga Chen,998830803430,olga.chen@example.com,2025-04-13 16:01:36,2025-03-23 04:01:36,vip,False,432543717
John Johnson,998888024548,john.johnson@test.org,2025-04-02 02:01:36,2025-03-20 08:01:36,blocked,False,93029234
Fatima Khan,998422638124,fatima.khan@test.org,2025-03-11 04:01:36,2025-03-14 05:01:36,vip,True,191168767
John Khan,998741533459,john.khan@demo.net,2025-04-07 03:01:36,2025-05-02 22:01:36,vip,True,31893188
John Patel,998691531144,john.patel@demo.net,2025-04-02 06:01:36,2025-03-05 09:01:36,blocked,False,19486381
Ahmed Lee,998614870856,ahmed.lee@test.org,2025-04-09 17:01:36,2025-03-15 12:01:36,vip,True,267337533
Alex Lee,998569638191,alex.lee@example.com,2025-04-06 04:01:36,2025-03-29 00:01:36,active,False,321517739
Carlos Johnson,998718164699,carlos.johnson@mail.com,2025-03-04 23:01:36,2025-04-26 21:01:36,blocked,True,200957876
Ahmed Ivanov,998462299840,ahmed.ivanov@example.com,2025-04-21 00:01:36,2025-04-20 02:01:36,active,True,264330908
Alex Smith,998909929963,alex.smith@demo.net,2025-03-07 10:01:36,2025-04-06 16:01:36,vip,False,132222181
Carlos Ivanov,998195216226,carlos.ivanov@example.com,2025-04-23 01:01:36,2025-04-28 15:01:36,blocked,False,263186122
Alex Ivanov,998198434224,alex.ivanov@test.org,2025-03-21 20:01:36,2025-03-31 18:01:36,blocked,False,98859135
Jane Garcia,998098802753,jane.garcia@demo.net,2025-05-03 14:01:36,2025-04-04 16:01:36,vip,False,311473120
Sanjay Garcia,998897460976,sanjay.garcia@mail.com,2025-03-20 12:01:36,2025-04-11 22:01:36,blocked,True,83637075
Fatima Kim,998553704435,fatima.kim@example.com,2025-04-28 04:01:36,2025-03-22 11:01:36,blocked,False,196821219
Carlos Garcia,998125321590,carlos.garcia@mail.com,2025-04-07 04:01:36,2025-04-28 14:01:36,blocked,True,420912023
Wei Patel,998937074837,wei.patel@test.org,2025-03-07 01:01:36,2025-03-05 02:01:36,vip,True,197881252
Maria Patel,998378211946,maria.patel@mail.com,2025-03-12 09:01:36,2025-03-12 22:01:36,blocked,False,397612434
Wei Johnson,998121512493,wei.johnson@mail.com,2025-03-20 09:01:36,2025-04-05 14:01:36,active,False,59521044
Ahmed Doe,998672287427,ahmed.doe@test.org,2025-03-23 05:01:36,2025-03-05 23:01:36,vip,False,27696309
Ahmed Doe,998534515498,ahmed.doe@demo.net,2025-03-15 09:01:36,2025-04-26 18:01:36,active,False,427484230
Sanjay Lee,998658216732,sanjay.lee@demo.net,2025-03-27 20:01:36,2025-03-25 10:01:36,vip,False,469401820
Sanjay Khan,998490471425,sanjay.khan@demo.net,2025-03-31 06:01:36,2025-05-04 08:01:36,vip,True,84453083
Ahmed Patel,998602807775,ahmed.patel@mail.com,2025-03-29 00:01:36,2025-03-26 10:01:36,active,True,304546091
Wei Khan,998469336531,wei.khan@demo.net,2025-04-06 09:01:36,2025-04-11 22:01:36,blocked,True,329914507
Alex Khan,998765493005,alex.khan@example.com,2025-04-01 00:01:36,2025-04-24 15:01:36,vip,True,358749279
Wei Chen,998539996453,wei.chen@demo.net,2025-04-11 17:01:36,2025-03-24 16:01:36,active,True,73317664
Jane Patel,998342753673,jane.patel@mail.com,2025-03-31 06:01:36,2025-04-25 08:01:36,active,True,356817675
Alex Ivanov,998223393621,alex.ivanov@test.org,2025-03-23 15:01:36,2025-04-05 17:01:36,vip,True,98489438
Alex Johnson,998634788672,alex.johnson@demo.net,2025-03-05 22:01:36,2025-04-19 18:01:36,active,False,418743558
Ahmed Garcia,998827400827,ahmed.garcia@test.org,2025-05-01 23:01:36,2025-03-19 04:01:36,vip,False,204924145
Maria Smith,998076017199,maria.smith@mail.com,2025-04-04 05:01:36,2025-04-14 00:01:36,vip,False,432365749
Jane Doe,998221034725,jane.doe@demo.net,2025-04-06 05:01:36,2025-04-29 18:01:36,blocked,True,324288444
Ahmed Patel,998727070534,ahmed.patel@mail.com,2025-03-28 13:01:36,2025-04-21 13:01:36,active,False,196732182
Jane Patel,998851495989,jane.patel@mail.com,2025-04-17 02:01:36,2025-03-21 22:01:36,active,True,446039645
Maria Khan,998468095995,maria.khan@demo.net,2025-04-17 00:01:36,2025-04-24 13:01:36,active,True,467750594
Sanjay Lee,998017703797,sanjay.lee@demo.net,2025-04-05 04:01:36,2025-03-24 08:01:36,vip,True,135806661
Maria Doe,998701297492,maria.doe@mail.com,2025-03-12 01:01:36,2025-05-02 08:01:36,blocked,True,139617961
Jane Smith,998436767216,jane.smith@demo.net,2025-04-26 20:01:36,2025-04-08 05:01:36,blocked,False,203114568
